ID,Gloss,Class,Portuguese_ort,Portuguese,Kriyol_ort,Kriyol_Mandinka,Kriyol_Balanta,Kriyol_Fula,Kriyol_Mandjaku,Mandinka,Balanta,Fula,Mandjaku
1,big,adjective,grande,ˈgɾɐ̃dɨ,garandi,ˈgɾãdi,gɐˈɾãdi,gaˈɾãdi,gaˈɾandi,waɾ(a)maː,ˈdɐ̃,ˈⁿd͡ʒanu,u'ɛk
2,long,adjective,comprido,kõˈpɾiðu,kumpridu,kũˈpɾiɾu,kũˈpɾidu,kumˈpɾiɖu,kum'pɾidu,ɟ͡ʝeɲamaː / ɟ͡ʝamaː,ˈkut,ˈd͡ʒuːti,u'jampal
3,wide,adjective,largo,ˈlaɾgu,largu,ˈlaɾgu,ˈlaɾgu,ˈlaɾgu,laɾgu,fanumaː,,jaˈd͡ʒi,u'wanal
4,thick,adjective,grosso,ˈgɾosu,gros,ˈgɾɔs,ˈgɾɔs,,gɾɔs,fanumaː,,,umak'ʤul
5,heavy,adjective,pesado,pɨˈzaðu,pisadu,,piˈzadu,piˈsa:ɖu,pi'sadu,warumaː / kalumaaː,ˈlep,ˈteɗi,uɾi'ʧal
6,small,adjective,pequeno,pɨˈkenu,pikininu,pikiˈninu,pikiˈninu,pikiˈninu,pk'ninu,nuandjumaː,ˈsõɨ,tosɔkɔ/ fãˈɗi,u'tĩk
7,short,adjective,curto,ˈkuɾtu,kurtu,ˈkuɾtu,ˈkuɾtu,ˈkuɾtu,kuɾtu,nuandjumaː,ðeˈkɨ̃,raʡɓiɗi,u'ɾungutul
8,narrow,adjective,estreito,ɨʃˈtɾɐjtu,stritu,pikiˈninu,,ɨʃˈtɾɛjtu/apɛɾˈtaɖu,dɛl'gadu,,,ˈsewi/ˈfaɗi,u'ɲikʧul
9,thin,adjective,fino/magro,ˈfinu / ˈmagɾu,dalgadu,,,dɛɫˈgaɖu,magɾu,nuandjumaː,ˈtõ,ˈsewi,u'bɔnal
10,warm,adjective,quente,ˈkẽtɨ,kinti,ˈkẽtɨ,ˈkĩtɨ,ˈkĩdi,kĩti,kandiɾiŋ,ˈɲue/ˈɲu,ˈwoli,u'jakal
11,cold,adjective,frio,ˈfɾiu,friu,ˈfɾiu,ˈfɾiw,ˈfɾiu,friu,sumjaː,ˈt͡ʃɔle,ˈɓuɓi,u'ʤɔʧ
12,full,adjective,cheio,ˈʃɐju,intcidu,ˈĩtʃi,ˈĩt͡ʃɨ,ˈĩt͡ʃi,ĩʧi,faɾjuŋ,ˈrit,ˈʜe:wi,u'ʧumal
13,new,adjective,novo,ˈnovu,nobu,ˈnobu,ˈnobu,ˈno:bu,nɔbu,kutoː,oˈʀɐme,ˈkɛsɔ,u'walu
14,old,adjective,velho,ˈvɛʎu,bedju,ˈbɛju,ˈbecu,ˈbeʝu,bɛʤu,kotoː,ˈũkĩðe,nawˈi,u'ʧafal
15,good,adjective,bom,ˈbõ,bon,ˈbõ,ˈbõ,ˈbõ,bõ,beteaɾjuŋ,ˈbõɨ̃,ˈmɔʡjɔ,waɾ / a'ʧɔl
16,bad,adjective,mau,ˈmaw,mau,ˈmaw,ˈmaw,ˈmaw,maw,amambetea,ˈpɐ̃,boⁿɗɔ,waɾaʧ / ʧɔ'laʧ
17,rotten,adjective,podre,ˈpodɾɨ,podri,ˈpodɾi ,ˈpodɾi,ˈpodɾi,pɔdɾi,tiɲaɾjuŋ,,ˈlɐm:i,na'ɾaʤ
18,dirty,adjective,sujo,ˈsuʒu,susu,ˈsuzu,ˈsusu,ˈsu:su,susu,noreuŋ,ˈlɔr,ˈtu:ni,u'ʧɔpal
19,straight,adjective,direito,diˈɾɐjtu,diretu,ˈrɛtu,diˈɾitu,ˈrɛ:tu/diˈɾɛtu,diɾitu, ɟ͡ʝaɲarjuŋ,ˈbõɨ̃,ˈfe:wi,waɾ
20,round,adjective,redondo,ʀɨˈdõðu,rodondu,roˈdõdu,rɨˈdõdu,roɖõɖu,ɾɛ'dõdu,bolobolomaː,,,
21,sharp,adjective,afiado,ɐˈfjadu ,fiadu,ˈgudu,,ˈguɖu,fj'adu,sorjuŋ,ˈmeretɨ,ˈseɓi,aɾɛ
22,dull,adjective,boto,ˈbotu,,kɔɾˈtadu,,kaˈsa:bi/ ˈmoɫgɐ,,,ˈtũɨ̃,weˈla,ɾɛʧ
23,smooth,adjective,liso/ suave,ˈlizu,lisadu,ˈlizʊ,,ˈfinu/ˈlisu,lizu,abedjaɾiŋ,,ˈɓowbɾi,
24,wet,adjective,molhado,muˈʎaðu,modjadu,mɔˈdʒadu,mɔˈjadu,moˈʝaɖu,mɔ'ʤadu,sinandiŋ,ˈmõĩ,ˈɓuguɗɔ,u'ŋɔwal
25,dry,adjective,seco,ˈseku,seku,ˈsɛku,ˈsɛku,ˈsɛ:ku,sɛku, ɟ͡ʝaːɾiŋ,ˈsɔɫ,ˈɓuɓa,uka'jal
26,correct,adjective,correto,kuˈʀɛtu,koretu,ˈbõ,ˈsɛɾtu,ˈsɛɾtu/kɔˈɾɛtu,sɛɾtu,kendoː,ˈbõɨ̃,ˈsaɲi,waɾ
27,near,adjective,perto,ˈpɛɾtu,pertu,ˈpɛɾtu,ˈpɛɾtu,ˈpɛɾtu,pɛɾtu,suteaɾjuŋ,kũˈtũge,ˈɓwati,wɔkal
28,far,adjective,longe,ˈlõʒɨ,lundju,ˈlũdʒu,ˈloɲu,ˈlũd͡ʒu,lũʤu, ɟ͡ʝaŋfaɾjuŋ,ˈdat,ˈwoɗi,ula'wal
29,right,adjective,direita,diˈɾɐjtɐ,direta,diˈɾejtɐ,diˈɾejtɐ,diˈrejtɐ,diɾɛjta,bulubaː,,ˈɲamo,ka'ril
30,left,adjective,esquerda,ɨʃˈkeɾdɐ,skerda,ɨʃˈkɛɾdɐ,ˈʃkeɾdɐ,ɨʃkeɾdɐ,skɛɾda,maraː,,ˈnano,ka'maj
31,animal,animal,animal,ɐniˈmaɫ,animal,aniˈmal,ɐniˈmal,ɐniˈmaɫ,li'maɾia,dafewŋ,,ˈkulːi,uli'maɾia
32,fish,animal,peixe,ˈpɐjʃɨ,pis,ˈpis,ˈpis,ˈpis,pis,jeu,kiˈsɛle,ˈliʡji,uʧb
33,bird,animal,pássaro,ˈpasɐɾu,pastru,ˈkadʒu,ˈpasɐɾu,ˈabɨʃ/paˈsɐɾu/ˈpaʃtɾu,kaʧu,kuɳo,,ˈt͡ʃolːi,u'kaʧ
34,dog,animal,cão,ˈkɐ̃w̃,,kaˈtʃoru,kɐˈt͡ʃoɾ,kɐˈt͡ʃuɾ,ka'ʧuɾ,ulo,ˈbit,ˈrɐwãɗu,ubus
35,louse,animal,piolho,pˈjoʎu,karanga,kaɾẽˈga,kɐˈɾɐ̃gɐ,kɐˈɾãgɐ,,,,tẽɗi,
36,snake,animal,cobra,ˈkɔbɾɐ,kobra,ˈkɔbɾɐ,ˈkɔbɾɐ,ˈkɔbɾɐ,kɔbɾa,,ˈĩɣwlɐ̃,ˈbɔɗi,ukɔpʧaʧ
37,worm,animal,bicho,ˈbiʃu,bitcu,ˈiʃka,ˈbit͡ʃu,ˈbi:t͡ʃu,biʧu,,,ˈkulːi,ukuʧ
38,skin,animal product,pele,ˈpɛlɨ,pele,ˈpɛli,ˈpɛli,ˈpeli,pɛli,saː,ˈlejt,,katl
39,meat,animal product,carne,ˈkaɾnɨ,karna,ˈkaɾni,ˈkaɾni,ˈkaɾni,kaɾni,tonoŋ,ˈteu,ˈteo,ujamaʧ
40,blood,animal product,sangue,ˈsɐ̃gɨ,sangui,ˈsãgi,ˈsãgi,ˈsɐ̃gɨ,sãŋgi,baloː,kiˈsɐ̃,ˈɗiʎɐ,pɲak
41,bone,animal product,osso,ˈosu,os,ˈɔs,ˈɔs,ˈɔs,ɔs,suboː,ˈfuɫ,ˈʡiɛ,ka''mwa
42,fat (n.),animal product,gordura/banha,guɾˈduɾɐ / ˈbɐɲɐ,banha,guɾˈduɾɐ,guɾˈduɾɐ,goɾˈɖuɾɐ,guɾ'duɾa,jɛloː,,fejˈfejɾu,mniɾ
43,egg,animal product,ovo,ˈovu,obu,ˈobu,ˈovu,ˈovu,ɔvu / 'ɔbu,kuloː,ˈkɐʀe,ˈbɔfɔ,p'ʤɛʤ
44,horn,animal product,corno,ˈkoɾnu,tcifri,ˈkifɾi,ˈt͡ʃifɾi,ˈt͡ʃifɾi,ʧifɾi,timjaŋ,,gaˈlali/aˈlaɗu,p'tĩ
45,tail,animal product,cauda,ˈkawðɐ,rabu,ˈrabu,,ˈrabu,ɾabu,sisɛkeɭo,,ˈlat͡ʃoɭ/ˈlat͡ʃi,p'ʧaʧ
46,feather,animal product,pena,ˈpenɐ,pena,ˈpenɐ,ˈpenɐ,ˈpɛnɐ,pɛna,biɳoː,ˈkɔlokɔɾ,ˈleɓi/ˈleɓoɭ,ka'lũg
47,hair,body part,cabelo,kɐˈbelu,kabelu,kaˈbelʊ,ka'belu,ˈkabelu,ka'bɛlu,fejŋoː,ˈuɫ,suˈkũɗu,wɛl
48,head,body part,cabeça,kɐˈbesɐ,kabesa,kaˈbɛsɐ,ka'bɛsɐ,kaˈbɛsɐ,ka'bɛsa,tjoː,ˈpkɔ,ˈʜoɾɛ/koˈʡɛ,bẽŋ
49,ear,body part,orelha,oˈɾɐʎɐ,oredja,ɔˈreʎɐ,o'ɾeɟa,oˈɾejʎɐ,ɔ'ɾɛʤa,kotiŋo,,ˈnop:i,ka'baʧ
50,eye,body part,olho,ˈoʎu,udju,,ˈoʝo,ˈoʝu,uʤu,tuloː,ˈkit,giˈɾɛ,pks
51,nose,body part,nariz,nɐˈɾiʃ,naris,naˈɾis,nɐˈɾis,nɐˈris,naɾis,ŋa,ˈfũɲe,kiˈnɛɫ,bis
52,mouth,body part,boca,ˈbokɐ,boka,ˈbɔkɐ,ˈbɔkɐ,ˈbɔ:kɐ,bɔka,nuŋ,pˈsũ,ˈʜunɔkɔ,m'tũ
53,tooth,body part,dente,ˈdẽtɨ,dinti,ˈdẽti,ˈdĩti,ˈdĩti,dĩti,da,kˈsɨt,ˈɲiɗɛ,p'ɾũbaʤ
54,tongue,body part,língua,ˈlĩgwɐ,lingua,ˈlĩgwɐ,ˈlĩgwɐ,ˈlĩgwɐ,lĩgwa,ŋewŋ,kˈdemɛt,'ɗẽgal,p'rẽt / p'lẽʧ
55,fingernail,body part,unha,ˈuɲɐ,unha,ˈuɲɐ,ˈŋuɲɐ,'muɲa,ũɲa,,ũˈkambo,pɛ'ɗale,kaŋiɾi
56,foot,body part,pé,ˈpɛ,pe,ˈpɛ,ˈpɛ,'pɛ,pɛ,sjuŋ,kˈfɨ̃,'kɔjɗe,pʧi'm
57,leg,body part,perna,ˈpɛɾnɐ,pe,ˈpɛrnɐ,ˈpɛɾnɐ,'pɛ,pɛɾna,utoː,,'poɓi / 'pɔɓɛ,p'bɔʤ
58,knee,body part,joelho,ʒuˈɐʎu,djudju,ʒuˈelu,ˈɟuɟu,'d͡ʒud͡ʒu,ʤuʤu,siŋkulo,,'kop:i,p'ʤul
59,hand,body part,mão,ˈmɐ̃w̃,mon,ˈmõ,ˈmõ,mõw̃,mõŋ,buloː,ˈt͡ʃif,'d͡ʒuɗɛ,ka'ɲaŋ
60,wing,body part,asa,ˈazɐ,asa,ˈazɐ,ˈazɐ,'azɐ,aza,dapawŋ,,'ɓowad͡ʒi,ka'bakla
61,belly,body part,barriga,baˈʀigɐ,bariga,baˈɾigɐ,bɐˈɾigɐ,bɐ'ɾigɐ,ba'ɾiga,koɳo,ˈɲɛfe,'reɗu,p'ps
62,guts,body part,tripas,ˈtɾipɐʃ,tripa,ˈtɾipɐs,ˈtɾipɐ,'tɾipɐ,tɾipa,ɳwo,ũˈbute,te'teki,ips
63,neck,body part,pescoço,pɨʃˈkosu,garganti,pɨʃˈkozu,gɐrˈgɐ̃tɨ,gɐɾ'gãti,pis'kus,ekɐwŋ,ˈklɨt,'ɗãɗe,ka'ʧuʧ
64,back,body part,costas,ˈkɔʃtɐʃ,kosta,ˈkɔʃtɐ,ˈkɔʃtɐ,ˈkɔʃtɐ,kɔsta,koma,ˈtɐ̃,'ɓaw,b'ʤal ufɛʧ
65,breast,body part,peito,ˈpɐjtu,pitu,ˈpitu,ˈpitu,'pitu,pitu,isisoː,ˈpsɐ̃ɨ̃,'ɓɛrⁿde,b'ʤiʧ
66,heart,body part,coração,kuɾɐˈsɐ̃w̃,korson,kuɾaˈsãw̃,kuɾɐˈsõ,kora'sõw̃,kɔɾ'sõ,jusoː,ˈfiɲɐ,kora'sõw̃ / 'ɓɛrⁿde,was
67,liver,body part,fígado,ˈfigɐðu,figadu,ˈfigɐɾu,ˈfigɐdu,ˈfigaɖu,figadu,kifkafu,,'keɠi,was
68,drink,body verb,beber,bɨˈbeɾ,bibida,ˈbibi,biˈbidɐ,beˈbiɖɐ,bi'bida,miŋuŋ,siˈgẽ,PL: jaɾe'teɗi S: jaɾe'te,
69,eat,body verb,comer,ku'meɾ,kume,ku'me,kuˈmɛ,ku'me,kumɛ,domoɾoː,uw̃,'ɲamuɠoɭ,p'ɾɛla
70,bite,body verb,morder,muɾˈdeɾ,murdi,muɾˈdi,ˈmuɾdi,muɾ'ɖi,muɾdi,kjuŋ,ˈdũ,'ɳatuɠoɭ,pɾũ
71,suck,body verb,chupar,ʃuˈpaɾ,tcupa,tʃuˈpa,ˈt͡ʃupɐ,t͡ʃu'pa,ʧupa,suːsuːɾoː,,'muɾuɠoɭ,p'bɔt
72,spit,body verb,cuspir,kuʃˈpiɾ,kuspi,kuʃˈpi,ˈkuʃpi,kuʃˈpi,kuspi,tupiɾoː,ˈtuˈfɛt,'tutːuɠoɭ,p'tuʤ
73,vomit,body verb,vomitar,vumiˈtaɾ,vomita,ramaˈsa,ˈrɐmɐsɐ,vo'mita,ɾa'masa,foːno,,'tu:ɾuɠoɭ / 'tu:ɾaɠoɭ ,ka'gaʧ
74,blow,body verb,soprar,suˈpɾaɾ,supra,suˈpɾa,ˈsupɾa,suˈpɾa,supɾa,feːɾoː,ˈlɛf,'utːuɠoɭ,p'fuʧ
75,breathe,body verb,respirar,ʀɨʃpiˈɾaɾ,rispira,ɨʃpiˈɾa,rɨʃˈpiɾɐ,reʃ'piɾa,ɾispiɾa,niːo,,'fofuɠoɭ,p'jafĩʧ
76,laugh,body verb,rir,ˈʀiɾ,ri,ˈri,ˈri,'ri,ɾi,ɟeloː,ˈtĩ,'d͡ʒaluɠoɭ,p'ʤi
77,live,body verb,viver,viˈveɾ,vivi,viˈvi,ˈvivi,'vivi,vivi,sajaː,,'u:ɾuɠoɭ,p'jas
78,die,body verb,morrer,muˈʀeɾ,falsi/muri,muˈɾi,ˈmoɾtu,'muɾi,muɾi,baluɾoː,ˈlɔd,'majaɠoɭ,p'ʧaʧ
79,red,colour,vermelho,vɨɾˈmɐʎu,burmedju,buɾˈmɐjʊ,burˈmeɟu,buɾ'meʝu,buɾ'mɛʤu,wulemaː,oˈʀɐ̃,bɔ'ɗɛ / 'bɔ'ɗɛʝɔ,uʤãŋkal
80,green,colour,verde,ˈveɾdɨ,verdi,ˈvɛɾdi,ˈvɛɾdɨ,'vɛɾdi,vɛɾdi,ɟ͡ʝambakeroː,,'ʜa:kɔ / ʜa'kɔʝɔ,'uf'lal
81,yellow,colour,amarelo,ɐmɐˈɾɛɫu,amarelu,amaˈɾɛlʊ,ɐmɐˈɾɛlu,ama'ɾelu,ama'ɾɛlu,bulumaː,,nɛ'tejo,ubɛʧlɛɾ
82,white,colour,branco,ˈbɾɐ̃ku,branku,ˈbɾãkʊ,ˈbɾɐ̃ku,ˈbɾãku,bɾãŋku,kojimaː,uˈʀɨ,da'nejo,ufaʧal
83,black,colour,preto,ˈpɾetu,pretu,ˈpɾɛtʊ,ˈpɾɛtu,ˈpɾɛtu,pɾɛtu,fimmaː,uˈmõ,ɓa'leʝo,u'ʤinal
84,with,conj,com,kõ,ku,ku,ˈku,'ku,ku,niŋ,,‘ɛ,n'na
85,and,conj,e,i,i,i,ˈku / ∅,'ku,ku,naː,,‘ɛ,n'na
86,if,conj,se,sɨ,si,si,ˈsi,'si,si,niŋ,s'kuɭ,‘si,
87,because,conj,porque,puɾkɨ,purke/purki,,pɐˈbiɐ,pa'biɐ,pa'bja,,peʼβiɐ,‘ɓɛj,ũdɔ kuma
88,tree,environment,árvore,ˈaɾvuɾɨ,pe di/arvuri,ˈaɾvuɾi,,ˈaɾvɨɾɨ,aɾbuɾi,iɾɨsuŋ,ĩʼdikɨ,‘lɛɗe,b'kɔ
89,forest,environment,floresta,fluˈɾɛʃtɐ,floresta/matu,floˈɾɛʃtɐ,ˈmatu,'ma:tu,flo'ɾɛsta,ulo,,‘lɛɗe,b'ɾẽ
90,stick,environment,pau,ˈpaw,po,ˈpɔ,ˈpɔ,'pɔ,pɔ,faloː,'ŋ͡mẽ,‘lɛɠaɭ,p'kɔ
91,fruit,environment,fruta,ˈfɾutɐ,fruta,ˈfɾutɐ,ˈfrutu,ˈfɾutɐ,fɾuta,iɾidjuŋ,'ŋ͡mãgo,,
92,seed,environment,semente,sɨˈmẽtɨ,simenti/simitera,siˈmẽtɨ,ˈkuku,simi'tɛ:ɾa,simĩtɛɾa,fiɾifewŋ,,‘awɗi,
93,leaf,environment,folha,ˈfoʎɐ,fodja,ˈfɔliɐ,ˈfoʎɐ,'fɔʝa,fɔ'lya,ɟaŋbo,,‘ʜa:kɔ,ka'fɔlya
94,root,environment,raiz,ʀɐˈiʃ,rais,rɐˈis,ɾa'iʃ,rɐˈiʃ,,iɾisulo,,‘ɗaɗoɭ,
95,bark,environment,casca da árvore,ˈkaʃkɐdɐˈaɾvuɾɨ,,ˈkaʃkɐdiˈaɾvuɾi,ˈkaʃkɐ,kɐ'ba:ku,kaskadi'aɾvuɾi,koboː,,‘t͡ʃɛɓe,kaf'taɾ b'kɔ
96,flower,environment,flor,ˈfloɾ,flur,ˈfuloɾ,ˈflɔɾ,'flɔɾ,fluɾ,fuloɾoː,,‘pĩɗi,
97,grass,environment,erva ,ˈɛɾvɐ,padja,ˈɛɾvɐ,ˈpaʎɐ,'paʝa,'ɛɾva,ɟaŋbo,,‘ʜa:kɔ / ‘ʜuɗo,
98,freeze,environment,congelar,kõʒɨˈlaɾ,kongela,kõˈʒɛla,,kɔ̃'ʒɛla,kõ'ʒɛla,,,‘bu:mnuɠoɭ,
99,sun,environment,sol,ˈsoɫ,sol,ˈsɔl,ˈsɔl,ˈsɔl,sɔl,tio,ʼɭe,‘na:ɳe,b'nwa
100,moon,environment,lua,ˈluɐ,lua,ˈluɐ,ˈluɐ,lũŋa,lwa,karo,ʼdĩde,‘lewru,p'li
101,star,environment,estrela,ɨʃˈtɾelɐ,strela,ɨʃˈtɾɛlɐ,ɨsˈtrelɐ,'ɨʃtɾɛlɐ,s'tɾɛla,loːloː,,‘kɔɗe,u'pɛsaʤ
102,water,environment,água,ˈaɣwɐ,iagu,ˈiagu,ˈjagu,'ja:gu,jagu,ɡjeo,,ⁿdija,m'lik
103,rain,environment,chuva,ˈʃuvɐ,tcuba,ˈtʃubɐ,ˈt͡ʃubɐ,'t͡ʃubɐ,ʧuba,sama,χ'ɛsɛ,‘toɓu,usubal
104,river,environment,rio,ˈʀiu,riu,ˈriu,ˈriw,'rju,ʤiu,ba:boloŋ,,‘majo,b'ɾk
105,lake,environment,lago,ˈlaɣu,lagua,ˈlagoɐ,lagu,lɐ'guɐ,lagu,badjuŋ,,‘lewoɫ / ‘t͡ʃãɠoɫ,
106,sea,environment,mar,ˈmaɾ,mar,ˈmar,ˈmaɾ,ˈmaɾ,maɾ,ba:,,'gɛd͡ʒ,b'ɾk
107,salt,environment,sal,ˈsaɫ,sal,ˈsal,ˈsal,'sal,sal,ko:,,'lamɗã,p'nã
108,stone,environment,pedra,ˈpɛdɾɐ,pedra,ˈpɛdɾɐ,ˈpɛdɾɐ,ˈpɛdɾɐ,pɛdɾa,bɛro,,'ʜajɾe / 'kaʔje,p'lak
109,sand,environment,areia,ɐˈɾɐjɐ,reia,ˈrejɐ,ˈrejɐ,'ɾejɐ,ɾɛ'ja,kɛŋo,,'lejɗi ,m'bɔs
110,dust,environment,pó,ˈpɔ,po,puˈɛɾɐ,puˈɛɾɐ,'pwɛɾɐ,,kaŋkawŋ,,'t͡ʃõɗi,m'bɔs
111,earth,environment,Terra,ˈtɛʀɐ,tera,ˈtɛɾɐ,ˈt͡ʃõ,'t͡ʃõw̃,tɛɾa,duɳja,,'lejɗi ,u'ʧak
112,cloud,environment,nuvem,ˈnuvɐ̃j̃,nuven,ˈnuvɐ̃j̃,ˈnuvẽ,'nuvẽ,nu'vẽ,sawŋ,,'baɲi,
113,fog,environment,nevoeiro,nɨvwˈɐjɾu,kasimba/fumansa,sɛˈɾɛnʊ / sɛˈrɛnu,sɨˈɾen,'tĩgi,,koŋbo:,,'ɗiwi,ka'bɔlaɾ
114,sky,environment,céu,ˈsɛw,seu,ˈsɛw,ˈsew,'sew ,sɛw,sawŋ,,'kam:o,ba'ʧi
115,wind,environment,vento,ˈvẽtu,bentu,ˈbẽtu,ˈbẽtu,'bẽtu,vẽtu,foŋo:,,'ʜẽɗu,u'fuʧ
116,snow,environment,neve,ˈnɛvɨ,,ˈnɛvi,,ˈnevi,nɛvi,ʒeɭo,,,
117,ice,environment,gelo,ˈʒelu,djelo,ˈʒelu,ˈʒelu,ˈʒelu,ʒɛlu,ʒeɭo,,'ɡlas,u'ʤɛlu
118,smoke,environment,fumo,ˈfumu,fumu,ˈfumu,ˈfumu,ˈfumu,fumu,sisjo:,,'t͡ʃuɾki,uru
119,fire,environment,incêndio,ĩˈsẽdju,fugu,ĩˈsɛ̃dju,ˈfugu,'fogu,fugu,taka,,'ʜiɗe,b'rwa
120,ashes,environment,cinzas,ˈsĩzɐʃ,sinsa/po,ˈsĩsɐ,ˈsĩsa,'sĩsɐ,sĩza,jɛɳiɾo:,,ɗõɗi,u'fab
121,burn,environment,queima,ˈkɐjmɐ,kema,kemɐˈduɾɐ,ˈkɛmɐ,'kɛma,kɛma,siːlo:,,'sumuɠoɭ,pt'ɾaɾ
122,road,environment,caminho,kɐˈmiɲu,kaminhu,kaˈmiɲu,kɐˈmiɲu,kaˈmiɲu,ka'mĩɲu,koŋkoː,,'lawoɭ,b'ga
123,mountain,environment,montanha,mõˈtɐɲɐ,montanha,mõˈtɐɲɐ,mõˈtaɲɐ,õˈtaɲa,mõ'tãɲa,,,ˈfɛɾlɔ,umõ'tãɲa
124,woman,human,mulher,muˈʎɛɾ,mindjer,mĩˈdʒɛɾ,mĩˈjɛɾ,mĩˈgjɛɾ,mĩ'ʤɛɾ,musoː,,ˈɗɛɓɔ,ŋ'aʧ
125,man (adult male),human,homem,ˈɔmɐ̃j̃,omi,ˈɔmi,ˈɔmi,ˈomi,ɔmi,kewo,,ˈgɔɾuko,nĩʧ
126,man (human being),human,ser humano,ˈseɾ uˈmɐnu,ser? umanu,pɛkaˈdoɾɨs,pɛkaˈdoɾ,pɛkaˈɗuɾ,pɛka'duɾ,adamandiuŋ,,taˈɠaɗo,ɲana'ʤĩ
127,child,human,criança,ˈkɾjɐ̃sɐ,kriansa,ˈkɾjɐ̃zɐ,miˈninu,miˈninu,mi'ninu,dindiuŋ,,t͡ʃukaˈlũ,na'paʧ
128,wife,human,mulher,muˈʎɛɾ,mindjer,mĩˈdʒɛɾ,mĩˈɟɛɾ,mĩˈd͡ʒɛɾ,mĩ'ʤɛɾ,,,ˈɗɛɓɔ,ŋ'aʧ
129,husband,human,marido,mɐˈɾidu,"maridu, spoza",maɾiˈdu,ˈɔmẽ,ˈomi,ɔmi,,,ˈgɔɾuko/ˈgẽɗɐ/mo:ˈɗi,nĩʧ
130,mother,human,mãe,ˈmɐ̃j̃,mai,maˈmɛ,maˈmɛ,ˈmame,mamɛ,baːmaː,nɨ,ˈnɛne,a'nĩ
131,father,human,pai,ˈpaj,pai,paˈpɛ,paˈpɛ,ˈpape,papɛ,faːmaː,,ˈbabɐ,a'sĩ
132,name,human,nome,ˈnomɨ,nomi,ˈnomi,ˈnɔmi,ˈnɔ:mi,nɔmi,toː,,ˈĩɗe,katĩ
133,sing,human verb,cantar,kɐ̃ˈtaɾ,kanta,ˈkãta,ˈkɐ̃tɐ,ˈkãtɐ,kãta,denkilaː,ʙɾipɨ,i:muˈɠoɭ,p'ja
134,play,human verb,tocar,tuˈkaɾ,toka,ˈtoka,ˈtɔkɐ,ˈtɔkɐ,tɔka,kosiɾoː,ŋ͡maʃ,ˈpiwɠoɭ,p'las
135,swell,human verb,engolir,ẽguˈliɾ,nguli,ẽguˈli,ĩˈguli,ũguˈli,ŋ'guli,kunuŋdiɾoː,na,ˈmɔɗuɠoɭ,p'jɔɾ
136,kill,impact,matar,mɐˈtaɾ,mata,ˈmata,ˈmatɐ,ˈmɐtɐ,mata,faːɾoː,ɦabɨ,ˈwaɾuɠoɭ,p'fĩ
137,fight,impact,lutar,luˈtaɾ,luta,,ˈlutɐ,ˈlutɐ,luta,,kutɨ,ˈt͡ʃip:iɾuɠoɭ,u'kã
138,hunt,impact,caçar,kɐˈsaɾ,kasa,mõˈtiɐ,ˈmõtia,ˈmõtja,mõtja,,,ˈɗɐn:uɠoɭ,p'ʤã
139,hit,impact,bater,bɐˈteɾ,bati,bɔfɔˈtaɾ,ˈsutɐ,ˈsutɐ,bati,tuɾubusoː,ʁosɨ,ˈlip:uɠoɭ,p'wat
140,cut,impact,cortar,kuɾˈtaɾ,korta,kɔɾˈtaɾ,ˈkɔɾtɐ,'kɔɾta,kɔɾta,kuntuɾoː,dɛsɨ,'tat͡ʃuɠoɭ,p'fal
141,split,impact,dividir,diviˈdiɾ,dibidi,diviˈdiɾ,diviˈdi,di'bidi / si'para,dividi,talaɾoː,dɛmɨ,sẽduɠoɭ,p'fa
142,stab,impact,esfaquear,ʃfɐˈkjaɾ,fakia,fɐkiˈa,puˈɲɛlɐ,fa'kiɐ / 'kutula / pu'ɲalɐ,s'fakja,,iu,,
143,scratch,impact,arranhar,ɐʀɐˈɲaɾ,ranha,ˈraɲɐ,ˈraɲɐ,'raɲɐ,rãɲa,,,ʝap:iɾu'ɠoɭ,p'ŋiɾ
144,dig,impact,cavar,kɐˈvaɾ,koba,ˈkobɐ,ˈkɔbɐ,'kɔbɐ,kɔba,sindiɾoː,,'asuɠoɭ,p'ʤp
145,at,location,em,ˈɐ̃j̃,,ˈɐ̃j̃,,'pa,,kaɾaloː,,,
146,in,location,em,ˈɐ̃j̃,na,ˈɐ̃j̃,ˈnɐ,'na,n'na,,a,'ka,di
147,sew,misc verb,coser,kuˈzeɾ,kusi,ˈkusi,ˈkusi,'kusi,kusi,,,'ɲoʔuɠoɭ,p'lt
148,count,misc verb,contar,kõˈtaɾ,konta,ˈkõta,ˈkõtɐ,'kɔ̃ta,kõta,kontiɾoː,indemɨ,'limuɠoɭ,p'lẽʧ
149,swim,motion,nadar,nɐˈdaɾ,nada,ˈnadɐ,ˈnadɐ,'nada,nada,,wa,'warlaɠoɭ,p'lã
150,fly (v.),motion,voar,ˈvwaɾ/ˈvuaɾ,bua,ˈbwɐ,ˈbuɐ,'bwa,bu'wa,tindiroː,ɭɛmɨ,'djuɠoɭ,p'iʧ
151,walk,motion,caminhar,kɐmiˈɲaɾ,ianda,iˈɐ̃da,ˈjɐ̃dɐ,'jãda,jãda,taːmoː,fotɨ,'ja:ɠoɭ,p'mal
152,come,motion,vir,ˈviɾ,bin,ˈbĩ,ˈbĩ,'bĩ,bĩ,naː/naːɾjuŋ,bintɨ,'aruɠoɭ,bili
153,lie,motion,estar deitado,ɨʃˈtaɾ dɐjˈtadu,dita,diˈta,ˈditɐ,'dita,sta di'tadu,laːɾiŋ,aχʼĩge,'walaɠoɭ'waluɠoɭ,a'pĩʧ
154,sit,motion,sentar,sẽˈtaɾ,sinta,ˈsẽta,ˈsĩtɐ,'sĩta,sĩta,siːo,ŋ͡mese,'d͡ʒɔɗaɠoɭ,a'ʧɛf
155,stand,motion,estar em pé,ɨʃˈtaɾ ˈɐ̃j̃ ˈpɛ,firma,plãˈta,ˈjɐ̃dɐ,'fiɾma,fiɾma,loː,,'daɾuɠoɭ,a'naʧ
156,turn,motion,girar,ʒiˈɾaɾ,rodia,ˈrõdɐ,ˈviɾɐ,'viɾɐ,viɾa,muɾumuɾuŋ,,'bɛrlaɠoɭ,p'wiʧsa
157,fall,motion,cair,kɐˈiɾ,kai,kaˈi,ˈkaj,'kɐj,kai,bojoː,,'januɠoɭ,p'jar
158,float,motion,flutuar,flutuˈaɾ,boia,ˈbɔjɐ,,'bɔjɐ,boja,,,'wuⁿguɠoɭ,
159,flow,motion,fluir,fluˈiɾ,darma,,ˈdaɾmɐ,'dɛɾma,daɾma,,wasɨ,'ʜibːuɠoɭ,p'tul
160,see,perception verb,ver,ˈveɾ,odja / djubi,ˈdʒubi,ˈɔɟɐ,'d͡ʒubi,ɔʤa,d͡ʒuːbeːɾoː,bikɨ,'da:ɾaɠoɭ,p'wĩ
161,hear,perception verb,ouvir,owˈviɾ,obi,ˈɔbi,ˈobi,o'bi,ɔbi,mojoː,siŋ͡mɨ,'nanuɠoɭ,p'tɛ
162,know,perception verb,saber,sɐˈbeɾ,sabi / sibi ,siˈbi,ˈsɨbi,'sibi,sĩbi,londoː,ɢwinɨ,'ãⁿduɠoɭ,p'mɛ
163,think,perception verb,pensar,pẽˈsaɾ,lembra ,ˈpẽsa,ˈlẽbɾa,'lɛ̃ᵐbɾa,lẽbɾa,miːɾoː,wuntɛ,'aⁿdituɠoɭ,p'lɛs
164,smell,perception verb,cheirar,ʃɐjˈɾaɾ,tcera,kɛˈɾɐ,ˈt͡ʃɛɾɐ,'t͡ʃɛɾa,ʧɛɾa,noːɾoː,pʼã,'uɾuɠoɭ,p'ɲal
165,fear,perception verb,temer,tɨˈmeɾ,medi ,,ˈmedu,'me:ɖi,tɛnɛ ''mɛedu,,ũkɔɭɛ,'wulaɠoɭ,p'lal
166,sleep,perception verb,dormir,duɾˈmiɾ,durmi,duɾˈmi,ˈduɾmɨ,duɾ'mi,duɾmi,siːnoː,pũ,'ɗanaɠoɭ,p'ŋɔi
167,say,perception verb,dizer,diˈzeɾ,papia / fala,ˈfala/ paˈpia,ˈpapja / ˈfala,'fala,fala,djaːmu,ja,'uowlaɠoɭ,p'ʤa
168,I,pro,eu,ˈew,ami,aˈmĩ,aˈmi,ɐ'mi,ami,nte,ɲe,'mĩ,ŋ'ʤi
169,you (singular),pro,tu,ˈtu,abo,aˈbo,aˈbɔ,ɐ'bo,abɔ,ite,wudi,'ã,wi
170,he,pro,ele,ˈelɨ,el,ˈɛli,ˈɛl,'ɛl,ɛl,ate,ũdi,'kãkɔ,nul
171,we,pro,nós,ˈnɔʃ,anos,aˈnɔs,aˈnɔs,a'nɔs,a'nɔs,ntɛlu,ba,mɛ'nɛ̃,n'ʤa
172,you (plural),pro,vós/vocês,ˈvɔʃ / vɔˈseʃ,abos,aˈbos,aˈbɔs,a'bɔs,a'bɔs,ntɛlu,,'ɔnɔ̃,ja'nd
173,they,pro,eles/elas,ˈelɨʃ / ˈɛlɐʃ,elis,ˈelis/ ˈɛlis,ˈelis,'elis,ɛlis,itɛlo,bandi,'kãɓɛ,bu'kul
174,this,pro,isto/isso,ˈiʃtu / ˈisu,es,ˈɛs/ˈuˈotɾu,ˈɛs,'ɛs,ɛs,ŋiŋ,ɡwilkobo,ˈɗũ,wĩŋk
175,that,pro,aquilo,ɐˈkilu,kil,,ˈkelɐ,ˈkila,kila,odoː,gwilkebe,ˈɗũɗa,wanũŋk
176,here,pro,aqui,ɐˈki,li,ˈli ,ˈli,'li,li,jaŋ,,ˈɗɔ,ʧi
177,there,pro,lá,ˈla,la,ˈla,ˈla,'la,la,jɛ,,ˈɗa,ɾũ
178,who,pro,quem,kɐ̃j̃,kin,ˈikĩ,ˈkĩ,'kĩ,kĩŋ,ŋaːdiː,ɦila,'ʜɔ̃bɔ,jãŋ
179,what,pro,o quê,ˈuˈke,kal,ˈke,ˈkal,ˈkal,kal,ŋaːdiːroŋ,wil,'ʜɔ̃ɗũ,ufã
180,where,pro,onde,ˈõdɨ,(na) nunde ,enũˈde,ˈnũdɛ,nũ'dɛ,nũdɛ,muŋto,anuma,'ʜɔ̃tɔ,ʧũ
181,when,pro,quando,ˈkwɐ̃du,kuandu,ˈkalmuˈmẽtu/ˈkalˈtẽpu,,ˈkwãdu,kal dja,watidjumaː,,'ʜɔ̃ɗɛ,lũ
182,how,pro,como,ˈkomu / ˈkumu,kuma,ˈkuma,ˈkuma,ku'ma,kuma,ŋaːdiː,abila,'ʜɔn:ɔ,ũ
183,not,quant,nenhum,nɨˈɲũ,nau,neˈũ,ˈnaw,ˈnɐ̃w̃,naw,anifeŋ,,ɔ'ʔɔ,naw
184,all,quant,todos,ˈtoðuʃ,tudu,ˈtudu,ˈtudu,ˈtudu,tudu,abeː,ŋ͡mĩ,ˈfow,blĩŋg
185,many,quant,muitos,ˈmũj̃tuʃ,muitu ,ˈkiu,ˈt͡ʃiw,mãgaˈdɨ,mãŋga dɛlis,jaːmaː,pʼa,ˈbwi,b'ɾĩbal
186,some,quant,alguns,aɫˈɡũʃ      ,algun,alˈɡũs,aɫˈgũʃ,alˈgũ,algũs,dumoŋdʝwŋ,,"ˈgokːũ
",ba'lõŋ
187,few,quant,poucos,ˈpokuʃ,puku,ˈũbɔˈkadu,ˈpoku,bo'kaɖu,pukus,dimoŋdimaː,duɭe,ˈgokːũ,batĩŋk
188,other,quant,outros,ˈotɾuʃ,utru,ˈutɾus,ˈotɾu,ˈutɾu,utɾu,dumoŋdʝwŋ,koɭo,ˈɠɔɗo,na'lõŋ
189,one,quant,um,ˈũ,un,ˈũ,ˈũ,ˈũ,ũ,kilɛŋ,ɦũde,gɔˈʔɔ,u'lɔlɛ
190,two,quant,dois,ˈdojʃ,duss,ˈdojʃ,ˈdos,ˈdojʃ,dus,fulaː,fũde,ˈiɗi,ŋg'tab
191,three,quant,três,ˈtɾeʃ,triss,ˈtɾejʃ,ˈtɾes,ˈtɾis,tɾis,sabaː,k͡sipɨ,ɗaˈɗi,ŋg'wãʧ
192,four,quant,quatro,ˈkwatɾu,quátro,ˈkwatɾu,ˈkwɐtɾu,ˈkwa:tɾu,kwatɾu,ɳaɳiː,taʒɭa,ˈnɐj,ŋg'bakɾ
193,five,quant,cinco,ˈsĩku,cincu,ˈsĩku,ˈsĩku,ˈsĩku,sĩku,lulu,t͡ʃifɨ,ˈd͡ʒoj,kãɲa
194,night,time,noite,ˈnojtɨ,noti,ˈnojti,ˈnojtɨ,di'nojti,nɔti,suːtoː,kamaʁa,ˈd͡ʒɛm:ɐ,bɾm
195,day,time,dia,ˈdiɐ,dia,ˈdiɐ,ˈdiɐ,di'diɐ,dja,tiːloː,kijdu,ɲaˈlɔɾmɐ,unu
196,year,time,ano,ˈɐnu   ,anu,ˈanu,ˈanu,ˈanu,anu,saŋʝoː,ʁɛsɛ,ˈʜitãⁿde,wanu
197,rope,tool,corda,ˈkɔɾ.dɐ,korda,ˈkoɾdɐ,ˈkɔɾdɐ,ˈkɔɾdɐ,kɔɾda,duːloː,kebosɨ,ˈɓɔɠoɭ,p'ʧaɾ
198,give,transfer,dar,ˈdaɾ,da,ˈda,ˈda,ˈda,da,diːna,ɲana,ˈd͡ʒɐn:uɠoɭ,p'wal
199,hold,transfer,segurar,sɨ.ɣuˈɾaɾ  ,sugura / pega-pega,ˈpega/ suguˈɾa,ˈpegɐ,ˈpɛgɐ,pɛga,abambaŋ,taki,ˈnãguɠoɭ,p'mɔb
200,squeeze,transfer,espremer,iʃpɾɨmeɾ ,pirmi,ˈpɾimi,ˈpeɾmi,piɾˈmi,piɾmi,amoandi,botɨ,ˈʜamuɠoɭ / ˈʜamaɠoɭ,p'põɲ
201,rub,transfer,esfregar,iʃ.fɾɨˈɣaɾ     ,ferga,,ˈfɛɾgɐ,ˈfɛɾga,fɛɾga,,infeti,ˈɓɔsaɠoɭ,p'fɛɾgaɾ
202,wash,transfer,lavar,lɐˈvaɾ,laba,laˈba,ˈlabɐ,la'ba,laba,kuːɾoː,wasa,ˈɭɔtaɠoɭ,p'ɲa'wa
203,wipe,transfer,limpar,lĩˈpaɾ,limpa,lĩˈpa,ˈlĩpɐ,ˈlĩpa,lĩpa,fitaɾoː /afita,bata,ˈlaʡɓĩɠoɭ,p'ɲaw
204,pull,transfer,puxar,puˈʃaɾ,puxa / djunda,dʒũˈda,ˈɟũdɐ,ˈd͡ʒũda,ʤũda,asaba,buɭ,'poɾuɠoɭ,p'tɔt
205,push,transfer,empurrar,ẽpuˈʀaɾ,mpura,pĩˈtʃa,ˈpĩt͡ʃɐ,ˈpĩt͡ʃa,pĩʧa,adiɾɐ,ẽbuɭfutɨ,'duɲuɠoɭ,p'pĩb
206,throw,transfer,lançar,lɐ̃ˈsaɾ,lansa,mãˈdɐ,ˈmɐ̃da,ˈfɛɾt͡ʃa,fɛɾʧa,abuŋ,safɨ,'wɛɗuɠoɭ/'wɛɗaɠoɭ,p'tap
207,tie,transfer,amarrar,ɐmɐˈʀaɾ,mara,ˈmaɾɐ,ˈmaɾɐ,ˈmaɾa,maɾa,sitiɾoː,ɦal,ˈʜaɓaɠoɭ,p'tãŋ
